{
  "price_mean": 13130.638,
  "price_std": 7269.606450624132,
  "day_mean": 3.908,
  "day_std": 1.9584524502780252,
  "month_mean": 6.292,
  "month_std": 3.3756089820949344,
  "quantity_mean": 73.594,
  "quantity_std": 41.86336302783139
}